order_id,order_total
ORD-0001,389.24
ORD-0002,225.05
ORD-0003,430.71
ORD-0004,351.71
ORD-0005,56.15
ORD-0006,488.05
ORD-0007,382.96
ORD-0008,395.17
ORD-0009,72.78
ORD-0010,230.69
ORD-0011,191.69
ORD-0012,464.11
ORD-0013,325.49
ORD-0014,413.15
ORD-0015,227.27
ORD-0016,121.35
ORD-0017,281.75
ORD-0018,41.27
ORD-0019,415.54
ORD-0020,319.52
ORD-0021,381.46
ORD-0022,183.72
ORD-0023,485.64
ORD-0024,447.63
ORD-0025,391.41
ORD-0026,105.37
ORD-0027,238.69
ORD-0028,31.46
ORD-0029,85.6
ORD-0030,344.69
ORD-0031,374.93
ORD-0032,484.08
ORD-0033,169.65
ORD-0034,191.53
ORD-0035,240.08
ORD-0036,102.84
ORD-0037,73.66
ORD-0038,243.1
ORD-0039,121.19
ORD-0040,338.21
ORD-0041,224.2
ORD-0042,418.01
ORD-0043,353.13
ORD-0044,163.06
ORD-0045,417.81
ORD-0046,404.33
ORD-0047,199.86
ORD-0048,151.28
ORD-0049,344.42
ORD-0050,78.48
ORD-0051,107.96
ORD-0052,13.61
ORD-0053,395.59
ORD-0054,335.78
ORD-0055,355.53
ORD-0056,392.56
ORD-0057,234.87
ORD-0058,288.68
ORD-0059,78.5
ORD-0060,66.12
ORD-0061,337.52
ORD-0062,240.84
ORD-0063,286.97
ORD-0064,384.85
ORD-0065,321.01
ORD-0066,281.25
ORD-0067,284.01
ORD-0068,158.94
ORD-0069,25.1
ORD-0070,223.99
ORD-0071,115.15
ORD-0072,210.18
ORD-0073,428.17
ORD-0074,124.63
ORD-0075,38.57
ORD-0076,147.88
ORD-0077,153.86
ORD-0078,334.34
ORD-0079,282.95
ORD-0080,394.11
ORD-0081,335.51
ORD-0082,209.13
ORD-0083,408.87
ORD-0084,91.82
ORD-0085,21.13
ORD-0086,54.12
ORD-0087,363.96
ORD-0088,236.32
ORD-0089,89.02
ORD-0090,255.51
ORD-0091,84.63
ORD-0092,351.2
ORD-0093,228.62
ORD-0094,196.7
ORD-0095,157.74
ORD-0096,318.84
ORD-0097,187.29
ORD-0098,52.95
ORD-0099,67.82
ORD-0100,481.33
