order_id,item_id,item_revenue
ORD-0001,ITEM-00001,321.85
ORD-0001,ITEM-00002,67.39
ORD-0002,ITEM-00003,148.48
ORD-0002,ITEM-00004,76.57
ORD-0003,ITEM-00005,134.68
ORD-0003,ITEM-00006,296.03
ORD-0004,ITEM-00007,307.87
ORD-0004,ITEM-00008,43.84
ORD-0005,ITEM-00009,40.6
ORD-0005,ITEM-00010,15.55
ORD-0006,ITEM-00011,328.71
ORD-0006,ITEM-00012,159.34
ORD-0007,ITEM-00013,175.97
ORD-0007,ITEM-00014,206.99
ORD-0008,ITEM-00015,125.58
ORD-0008,ITEM-00016,269.59
ORD-0009,ITEM-00017,12.89
ORD-0009,ITEM-00018,59.89
ORD-0010,ITEM-00019,189.65
ORD-0010,ITEM-00020,41.04
ORD-0011,ITEM-00021,89.06
ORD-0011,ITEM-00022,102.63
ORD-0012,ITEM-00023,121.55
ORD-0012,ITEM-00024,342.56
ORD-0013,ITEM-00025,112.22
ORD-0013,ITEM-00026,213.27
ORD-0014,ITEM-00027,232.76
ORD-0014,ITEM-00028,180.39
ORD-0015,ITEM-00029,54.87
ORD-0015,ITEM-00030,172.4
ORD-0016,ITEM-00031,95.3
ORD-0016,ITEM-00032,26.05
ORD-0017,ITEM-00033,199.15
ORD-0017,ITEM-00034,82.6
ORD-0018,ITEM-00035,27.88
ORD-0018,ITEM-00036,13.39
ORD-0019,ITEM-00037,185.2
ORD-0019,ITEM-00038,230.34
ORD-0020,ITEM-00039,192.3
ORD-0020,ITEM-00040,127.22
ORD-0021,ITEM-00041,216.39
ORD-0021,ITEM-00042,165.07
ORD-0022,ITEM-00043,113.88
ORD-0022,ITEM-00044,69.84
ORD-0023,ITEM-00045,81.37
ORD-0023,ITEM-00046,404.27
ORD-0024,ITEM-00047,193.67
ORD-0024,ITEM-00048,253.96
ORD-0025,ITEM-00049,52.17
ORD-0025,ITEM-00050,339.24
ORD-0026,ITEM-00051,52.18
ORD-0026,ITEM-00052,53.19
ORD-0027,ITEM-00053,86.86
ORD-0027,ITEM-00054,151.83
ORD-0028,ITEM-00055,6.78
ORD-0028,ITEM-00056,24.68
ORD-0029,ITEM-00057,15.64
ORD-0029,ITEM-00058,69.96
ORD-0030,ITEM-00059,196.51
ORD-0030,ITEM-00060,148.18
ORD-0031,ITEM-00061,88.66
ORD-0031,ITEM-00062,286.27
ORD-0032,ITEM-00063,406.67
ORD-0032,ITEM-00064,77.41
ORD-0033,ITEM-00065,95.83
ORD-0033,ITEM-00066,73.82
ORD-0034,ITEM-00067,72.3
ORD-0034,ITEM-00068,119.23
ORD-0035,ITEM-00069,137.5
ORD-0035,ITEM-00070,102.58
ORD-0036,ITEM-00071,12.16
ORD-0036,ITEM-00072,90.68
ORD-0037,ITEM-00073,63.85
ORD-0037,ITEM-00074,9.81
ORD-0038,ITEM-00075,118.11
ORD-0038,ITEM-00076,124.99
ORD-0039,ITEM-00077,88.01
ORD-0039,ITEM-00078,33.18
ORD-0040,ITEM-00079,56.21
ORD-0040,ITEM-00080,282.0
ORD-0041,ITEM-00081,109.71
ORD-0041,ITEM-00082,114.49
ORD-0042,ITEM-00083,205.9
ORD-0042,ITEM-00084,212.11
ORD-0043,ITEM-00085,300.25
ORD-0043,ITEM-00086,52.88
ORD-0044,ITEM-00087,90.89
ORD-0044,ITEM-00088,72.17
ORD-0045,ITEM-00089,200.04
ORD-0045,ITEM-00090,217.77
ORD-0046,ITEM-00091,126.79
ORD-0046,ITEM-00092,277.54
ORD-0047,ITEM-00093,73.0
ORD-0047,ITEM-00094,126.86
ORD-0048,ITEM-00095,78.14
ORD-0048,ITEM-00096,73.14
ORD-0049,ITEM-00097,155.38
ORD-0049,ITEM-00098,189.04
ORD-0050,ITEM-00099,9.2
ORD-0050,ITEM-00100,69.28
ORD-0051,ITEM-00101,82.16
ORD-0051,ITEM-00102,25.8
ORD-0052,ITEM-00103,11.12
ORD-0052,ITEM-00104,2.49
ORD-0053,ITEM-00105,83.94
ORD-0053,ITEM-00106,311.65
ORD-0054,ITEM-00107,182.41
ORD-0054,ITEM-00108,153.37
ORD-0055,ITEM-00109,66.43
ORD-0055,ITEM-00110,289.1
ORD-0056,ITEM-00111,250.37
ORD-0056,ITEM-00112,142.19
ORD-0057,ITEM-00113,76.33
ORD-0057,ITEM-00114,158.54
ORD-0058,ITEM-00115,181.16
ORD-0058,ITEM-00116,107.52
ORD-0059,ITEM-00117,53.51
ORD-0059,ITEM-00118,24.99
ORD-0060,ITEM-00119,47.27
ORD-0060,ITEM-00120,18.85
ORD-0061,ITEM-00121,62.84
ORD-0061,ITEM-00122,274.68
ORD-0062,ITEM-00123,200.57
ORD-0062,ITEM-00124,40.27
ORD-0063,ITEM-00125,81.55
ORD-0063,ITEM-00126,205.42
ORD-0064,ITEM-00127,50.0
ORD-0064,ITEM-00128,334.85
ORD-0065,ITEM-00129,174.59
ORD-0065,ITEM-00130,146.42
ORD-0066,ITEM-00131,111.58
ORD-0066,ITEM-00132,169.67
ORD-0067,ITEM-00133,216.94
ORD-0067,ITEM-00134,67.07
ORD-0068,ITEM-00135,118.66
ORD-0068,ITEM-00136,40.28
ORD-0069,ITEM-00137,8.88
ORD-0069,ITEM-00138,16.22
ORD-0070,ITEM-00139,193.15
ORD-0070,ITEM-00140,30.84
ORD-0071,ITEM-00141,38.31
ORD-0071,ITEM-00142,76.84
ORD-0072,ITEM-00143,107.62
ORD-0072,ITEM-00144,102.56
ORD-0073,ITEM-00145,130.49
ORD-0073,ITEM-00146,297.68
ORD-0074,ITEM-00147,105.79
ORD-0074,ITEM-00148,18.84
ORD-0075,ITEM-00149,8.94
ORD-0075,ITEM-00150,29.63
ORD-0076,ITEM-00151,20.1
ORD-0076,ITEM-00152,127.78
ORD-0077,ITEM-00153,68.94
ORD-0077,ITEM-00154,84.92
ORD-0078,ITEM-00155,298.87
ORD-0078,ITEM-00156,35.47
ORD-0079,ITEM-00157,230.14
ORD-0079,ITEM-00158,52.81
ORD-0080,ITEM-00159,275.44
ORD-0080,ITEM-00160,118.67
ORD-0081,ITEM-00161,272.65
ORD-0081,ITEM-00162,62.86
ORD-0082,ITEM-00163,170.39
ORD-0082,ITEM-00164,38.74
ORD-0083,ITEM-00165,210.6
ORD-0083,ITEM-00166,198.27
ORD-0084,ITEM-00167,32.39
ORD-0084,ITEM-00168,59.43
ORD-0085,ITEM-00169,15.16
ORD-0085,ITEM-00170,5.97
ORD-0086,ITEM-00171,34.06
ORD-0086,ITEM-00172,20.06
ORD-0087,ITEM-00173,145.19
ORD-0087,ITEM-00174,218.77
ORD-0088,ITEM-00175,41.49
ORD-0088,ITEM-00176,194.83
ORD-0089,ITEM-00177,62.09
ORD-0089,ITEM-00178,26.93
ORD-0090,ITEM-00179,79.2
ORD-0090,ITEM-00180,176.31
ORD-0091,ITEM-00181,71.89
ORD-0091,ITEM-00182,12.74
ORD-0092,ITEM-00183,102.82
ORD-0092,ITEM-00184,248.38
ORD-0093,ITEM-00185,45.31
ORD-0093,ITEM-00186,183.31
ORD-0094,ITEM-00187,150.45
ORD-0094,ITEM-00188,46.25
ORD-0095,ITEM-00189,35.12
ORD-0095,ITEM-00190,122.62
ORD-0096,ITEM-00191,77.61
ORD-0096,ITEM-00192,241.23
ORD-0097,ITEM-00193,108.54
ORD-0097,ITEM-00194,78.75
ORD-0098,ITEM-00195,42.34
ORD-0098,ITEM-00196,10.61
ORD-0099,ITEM-00197,17.44
ORD-0099,ITEM-00198,50.38
ORD-0100,ITEM-00199,167.63
ORD-0100,ITEM-00200,313.7
